INSERT INTO company VALUES
('C001','ABC Technologies','12-3456789','123 Main St','CA','IT',true,'2020-01-01',
 'HR_SYSTEM','BATCH_001','2026-01-07 08:00:00','2026-01-07 08:00:00',true),
('C002','HealthCorp Inc','98-7654321','450 Park Ave','NY','Healthcare',true,'2019-06-15',
 'HR_SYSTEM','BATCH_001','2026-01-07 08:00:00','2026-01-07 08:00:00',true),
('C003','FinServe LLC','23-4567890','800 Market St','TX','Finance',true,'2021-03-01',
 'HR_SYSTEM','BATCH_002','2026-01-07 10:00:00','2026-01-07 10:00:00',true),

('C004','RetailOne Corp','34-5678901','220 Lakeshore Dr','IL','Retail',true,'2018-11-20',
 'HR_SYSTEM','BATCH_002','2026-01-07 10:00:00','2026-01-07 10:00:00',true),

('C005','LogiTrans Inc','45-6789012','99 Harbor Blvd','FL','Logistics',true,'2022-05-15',
 'HR_SYSTEM','BATCH_002','2026-01-07 10:00:00','2026-01-07 10:00:00',true);

INSERT INTO employee VALUES
('E001','C001','123-45-6789','John','Doe','1985-03-12','M',
 'john.doe@abc.com','4155551111','2018-05-10','ACTIVE','2018-05-10',
 'HR_SYSTEM','BATCH_001','2026-01-07 08:10:00','2026-01-07 08:10:00',true),
('E002','C001','987-65-4321','Jane','Smith','1990-07-22','F',
 'jane.smith@abc.com','4155552222','2020-09-01','ACTIVE','2020-09-01',
 'HR_SYSTEM','BATCH_001','2026-01-07 08:10:00','2026-01-07 08:10:00',true),
 ('E003','C002','555-11-2222','Robert','Brown','1982-01-19','M',
 'robert.brown@healthcorp.com','2125553333','2017-08-15','ACTIVE','2017-08-15',
 'HR_SYSTEM','BATCH_002','2026-01-07 10:10:00','2026-01-07 10:10:00',true),

('E004','C002','666-22-3333','Emily','Davis','1992-09-09','F',
 'emily.davis@healthcorp.com','2125554444','2021-02-01','ACTIVE','2021-02-01',
 'HR_SYSTEM','BATCH_002','2026-01-07 10:10:00','2026-01-07 10:10:00',true),

('E005','C003','777-33-4444','Michael','Wilson','1978-06-25','M',
 'michael.wilson@finserve.com','7135555555','2015-04-10','ACTIVE','2015-04-10',
 'HR_SYSTEM','BATCH_002','2026-01-07 10:10:00','2026-01-07 10:10:00',true),

('E006','C004','888-44-5555','Sophia','Taylor','1988-12-30','F',
 'sophia.taylor@retailone.com','3125556666','2019-07-22','ACTIVE','2019-07-22',
 'HR_SYSTEM','BATCH_002','2026-01-07 10:10:00','2026-01-07 10:10:00',true);

INSERT INTO dependent VALUES
('D001','E001','Mary','Doe','Spouse','1987-11-05','F',
 'HR_SYSTEM','BATCH_001','2026-01-07 08:20:00','2026-01-07 08:20:00',true),

('D002','E001','Sam','Doe','Child','2015-04-18','M',
 'HR_SYSTEM','BATCH_001','2026-01-07 08:20:00','2026-01-07 08:20:00',true),
 ('D003','E003','Linda','Brown','Spouse','1984-04-14','F',
 'HR_SYSTEM','BATCH_002','2026-01-07 10:20:00','2026-01-07 10:20:00',true),

('D004','E003','Kevin','Brown','Child','2012-08-09','M',
 'HR_SYSTEM','BATCH_002','2026-01-07 10:20:00','2026-01-07 10:20:00',true),

('D005','E005','Emma','Wilson','Spouse','1980-02-18','F',
 'HR_SYSTEM','BATCH_002','2026-01-07 10:20:00','2026-01-07 10:20:00',true);

INSERT INTO plan VALUES
('P001','Gold Plus','PPO',1000.00,5000.00,30.00,20.00,'Family',
 'POLICY_ADMIN','BATCH_001','2026-01-07 08:30:00','2026-01-07 08:30:00',true),

('P002','Silver Basic','HMO',2500.00,7500.00,50.00,30.00,'Individual',
 'POLICY_ADMIN','BATCH_001','2026-01-07 08:30:00','2026-01-07 08:30:00',true),
 ('P003','Platinum Elite','PPO',500.00,3000.00,20.00,10.00,'Family',
 'POLICY_ADMIN','BATCH_002','2026-01-07 10:30:00','2026-01-07 10:30:00',true),

('P004','Bronze Saver','EPO',4000.00,9000.00,75.00,40.00,'Individual',
 'POLICY_ADMIN','BATCH_002','2026-01-07 10:30:00','2026-01-07 10:30:00',true);

INSERT INTO policy VALUES
('PO001','POL10001','P001','2025-01-01','2025-12-31','ACTIVE','2025-01-01',
 'POLICY_ADMIN','BATCH_001','2026-01-07 08:40:00','2026-01-07 08:40:00',true),

('PO002','POL10002','P002','2025-01-01','2025-12-31','ACTIVE','2025-01-01',
 'POLICY_ADMIN','BATCH_001','2026-01-07 08:40:00','2026-01-07 08:40:00',true),
 ('PO003','POL20001','P003','2025-01-01','2025-12-31','ACTIVE','2025-01-01',
 'POLICY_ADMIN','BATCH_002','2026-01-07 10:40:00','2026-01-07 10:40:00',true),

('PO004','POL20002','P004','2025-01-01','2025-12-31','ACTIVE','2025-01-01',
 'POLICY_ADMIN','BATCH_002','2026-01-07 10:40:00','2026-01-07 10:40:00',true);

INSERT INTO enrollment VALUES
('EN001','E001','PO001','2025-01-01',NULL,'FAMILY','ACTIVE',
 'HR_SYSTEM','BATCH_001','2026-01-07 08:50:00','2026-01-07 08:50:00',true),

('EN002','E002','PO002','2025-01-01',NULL,'INDIVIDUAL','ACTIVE',
 'HR_SYSTEM','BATCH_001','2026-01-07 08:50:00','2026-01-07 08:50:00',true),
 ('EN003','E003','PO003','2025-01-01',NULL,'FAMILY','ACTIVE',
 'HR_SYSTEM','BATCH_002','2026-01-07 10:50:00','2026-01-07 10:50:00',true),

('EN004','E004','PO004','2025-01-01',NULL,'INDIVIDUAL','ACTIVE',
 'HR_SYSTEM','BATCH_002','2026-01-07 10:50:00','2026-01-07 10:50:00',true),

('EN005','E005','PO003','2025-01-01',NULL,'FAMILY','ACTIVE',
 'HR_SYSTEM','BATCH_002','2026-01-07 10:50:00','2026-01-07 10:50:00',true);

INSERT INTO claim VALUES
('CL001','PO001','E001','Kaiser Permanente','2025-02-10',
 1200.00,900.00,'APPROVED','2025-02-15',
 'CLAIMS_VENDOR','BATCH_001','2026-01-07 09:00:00','2026-01-07 09:00:00',true),

('CL002','PO001','D002','UCSF Medical Center','2025-03-05',
 600.00,450.00,'APPROVED','2025-03-10',
 'CLAIMS_VENDOR','BATCH_001','2026-01-07 09:00:00','2026-01-07 09:00:00',true),
 ('CL003','PO003','E003','Baylor Medical Center','2025-01-20',
 2500.00,2000.00,'APPROVED','2025-01-25',
 'CLAIMS_VENDOR','BATCH_002','2026-01-07 11:00:00','2026-01-07 11:00:00',true),

('CL004','PO003','D005','Houston Methodist','2025-02-14',
 800.00,600.00,'APPROVED','2025-02-20',
 'CLAIMS_VENDOR','BATCH_002','2026-01-07 11:00:00','2026-01-07 11:00:00',true),

('CL005','PO004','E004','Northwestern Hospital','2025-03-01',
 400.00,0.00,'DENIED','2025-03-05',
 'CLAIMS_VENDOR','BATCH_002','2026-01-07 11:00:00','2026-01-07 11:00:00',true);

INSERT INTO payment VALUES
('PM001','PO001','2025-01-01',450.00,'PAYROLL_DEDUCTION','SUCCESS',
 'BILLING_SYSTEM','BATCH_001','2026-01-07 09:10:00','2026-01-07 09:10:00',true),

('PM002','PO002','2025-01-01',250.00,'PAYROLL_DEDUCTION','SUCCESS',
 'BILLING_SYSTEM','BATCH_001','2026-01-07 09:10:00','2026-01-07 09:10:00',true),
 ('PM003','PO003','2025-01-01',620.00,'PAYROLL_DEDUCTION','SUCCESS',
 'BILLING_SYSTEM','BATCH_002','2026-01-07 11:10:00','2026-01-07 11:10:00',true),

('PM004','PO003','2025-02-01',620.00,'PAYROLL_DEDUCTION','SUCCESS',
 'BILLING_SYSTEM','BATCH_002','2026-01-07 11:10:00','2026-01-07 11:10:00',true),

('PM005','PO004','2025-01-01',180.00,'PAYROLL_DEDUCTION','SUCCESS',
 'BILLING_SYSTEM','BATCH_002','2026-01-07 11:10:00','2026-01-07 11:10:00',true);

